lemon,partOfSpeech,writtenForm (singular),writtenForm (plural),preposition,SyntacticFrame,copulativeArg,prepositionalAdjunct,sense,reference,domain,range
academic journal_of,noun,academic journal,academic journals,of,NounPPFrame,range,domain,1,rdf:type,dbo:AcademicJournal,dbo:AcademicJournal
actor_of,noun,actor,actors,of,NounPPFrame,range,domain,1,rdf:type,dbo:Actor,dbo:Actor
administrative region_of,noun,administrative region,administrative regions,of,NounPPFrame,range,domain,1,rdf:type,dbo:AdministrativeRegion,dbo:AdministrativeRegion
adultactor_of,noun,Adult Actor,Adult Actors,of,NounPPFrame,range,domain,1,rdf:type,dbo:AdultActor,dbo:AdultActor
agent_of,noun,agent,agents,of,NounPPFrame,range,domain,1,rdf:type,dbo:Agent,dbo:Agent
aircraft_of,noun,Aircraft,Aircrafts,of,NounPPFrame,range,domain,1,rdf:type,dbo:Aircraft,dbo:Aircraft
airline_of,noun,airline,airlines,of,NounPPFrame,range,domain,1,rdf:type,dbo:Airline,dbo:Airline
airport_of,noun,airport,airports,of,NounPPFrame,range,domain,1,rdf:type,dbo:Airport,dbo:Airport
album_of,noun,album,albums,of,NounPPFrame,range,domain,1,rdf:type,dbo:Album,dbo:Album
amateurboxer_of,noun,Amateur Boxer,Amateur Boxers,of,NounPPFrame,range,domain,1,rdf:type,dbo:AmateurBoxer,dbo:AmateurBoxer
ambassador_of,noun,Ambassador,Ambassadors,of,NounPPFrame,range,domain,1,rdf:type,dbo:Ambassador,dbo:Ambassador
americanfootballleague_of,noun,American Football League,American Football Leagues,of,NounPPFrame,range,domain,1,rdf:type,dbo:AmericanFootballLeague,dbo:AmericanFootballLeague
american football player_of,noun,american football player,american football players,of,NounPPFrame,range,domain,1,rdf:type,dbo:AmericanFootballPlayer,dbo:AmericanFootballPlayer
amphibian_of,noun,Amphibian,Amphibians,of,NounPPFrame,range,domain,1,rdf:type,dbo:Amphibian,dbo:Amphibian
amusementparkattraction_of,noun,Amusement Park Attraction,Amusement Park Attractions,of,NounPPFrame,range,domain,1,rdf:type,dbo:AmusementParkAttraction,dbo:AmusementParkAttraction
anatomicalstructure_of,noun,Anatomical Structure,Anatomical Structures,of,NounPPFrame,range,domain,1,rdf:type,dbo:AnatomicalStructure,dbo:AnatomicalStructure
animal_of,noun,animal,animals,of,NounPPFrame,range,domain,1,rdf:type,dbo:Animal,dbo:Animal
anime_of,noun,Anime,Animes,of,NounPPFrame,range,domain,1,rdf:type,dbo:Anime,dbo:Anime
arachnid_of,noun,Arachnid,Arachnids,of,NounPPFrame,range,domain,1,rdf:type,dbo:Arachnid,dbo:Arachnid
archaea_of,noun,Archaea,Archaeas,of,NounPPFrame,range,domain,1,rdf:type,dbo:Archaea,dbo:Archaea
archbishop_of,noun,Archbishop,Archbishops,of,NounPPFrame,range,domain,1,rdf:type,dbo:Archbishop,dbo:Archbishop
architect_of,noun,architect,architects,of,NounPPFrame,range,domain,1,rdf:type,dbo:Architect,dbo:Architect
architecturalstructure_of,noun,Architectural Structure,Architectural Structures,of,NounPPFrame,range,domain,1,rdf:type,dbo:ArchitecturalStructure,dbo:ArchitecturalStructure
artery_of,noun,Artery,Arterys,of,NounPPFrame,range,domain,1,rdf:type,dbo:Artery,dbo:Artery
article_of,noun,article,articles,of,NounPPFrame,range,domain,1,rdf:type,dbo:Article,dbo:Article
artist_of,noun,artist,artists,of,NounPPFrame,range,domain,1,rdf:type,dbo:Artist,dbo:Artist
artistdiscography_of,noun,Artist Discography,Artist Discographys,of,NounPPFrame,range,domain,1,rdf:type,dbo:ArtistDiscography,dbo:ArtistDiscography
artwork_of,noun,artwork,artworks,of,NounPPFrame,range,domain,1,rdf:type,dbo:Artwork,dbo:Artwork
astronaut_of,noun,Astronaut,Astronauts,of,NounPPFrame,range,domain,1,rdf:type,dbo:Astronaut,dbo:Astronaut
athlete_of,noun,athlete,athlete,of,NounPPFrame,range,domain,1,rdf:type,dbo:Athlete,dbo:Athlete
australianfootballteam_of,noun,Australian Football Team,Australian Football Teams,of,NounPPFrame,range,domain,1,rdf:type,dbo:AustralianFootballTeam,dbo:AustralianFootballTeam
australianrulesfootballplayer_of,noun,Australian Rules Football Player,Australian Rules Football Player,of,NounPPFrame,range,domain,1,rdf:type,dbo:AustralianRulesFootballPlayer,dbo:AustralianRulesFootballPlayer
author_of,noun,author,authors,of,NounPPFrame,range,domain,1,rdf:type,dbo:Author,dbo:Author
autobiography_of,noun,autobiography,autobiography,of,NounPPFrame,range,domain,1,rdf:type,dbo:Autobiography,dbo:Autobiography
automobile_of,noun,Automobile,Automobiles,of,NounPPFrame,range,domain,1,rdf:type,dbo:Automobile,dbo:Automobile
automobileengine_of,noun,Automobile Engine,Automobile Engines,of,NounPPFrame,range,domain,1,rdf:type,dbo:AutomobileEngine,dbo:AutomobileEngine
award_of,noun,award,awards,of,NounPPFrame,range,domain,1,rdf:type,dbo:Award,dbo:Award
bacteria_of,noun,Bacteria,Bacterias,of,NounPPFrame,range,domain,1,rdf:type,dbo:Bacteria,dbo:Bacteria
badmintonplayer_of,noun,Badminton Player,Badminton Players,of,NounPPFrame,range,domain,1,rdf:type,dbo:BadmintonPlayer,dbo:BadmintonPlayer
band_of,noun,band,bands,of,NounPPFrame,range,domain,1,rdf:type,dbo:Band,dbo:Band
bank_of,noun,Bank,Banks,of,NounPPFrame,range,domain,1,rdf:type,dbo:Bank,dbo:Bank
baronet_of,noun,Baronet,Baronets,of,NounPPFrame,range,domain,1,rdf:type,dbo:Baronet,dbo:Baronet
baseballleague_of,noun,Baseball League,Baseball Leagues,of,NounPPFrame,range,domain,1,rdf:type,dbo:BaseballLeague,dbo:BaseballLeague
baseballplayer_of,noun,Baseball Player,Baseball Players,of,NounPPFrame,range,domain,1,rdf:type,dbo:BaseballPlayer,dbo:BaseballPlayer
baseballseason_of,noun,Baseball Season,Baseball Seasons,of,NounPPFrame,range,domain,1,rdf:type,dbo:BaseballSeason,dbo:BaseballSeason
basketballleague_of,noun,Basketball League,Basketball Leagues,of,NounPPFrame,range,domain,1,rdf:type,dbo:BasketballLeague,dbo:BasketballLeague
basketball player_of,noun,basketball player,basketball players,of,NounPPFrame,range,domain,1,rdf:type,dbo:BasketballPlayer,dbo:BasketballPlayer
basketballteam_of,noun,Basketball Team,Basketball Teams,of,NounPPFrame,range,domain,1,rdf:type,dbo:BasketballTeam,dbo:BasketballTeam
beachvolleyballplayer_of,noun,Beach Volleyball Player,Beach Volleyball Players,of,NounPPFrame,range,domain,1,rdf:type,dbo:BeachVolleyballPlayer,dbo:BeachVolleyballPlayer
beautyqueen_of,noun,Beauty Queen,Beauty Queens,of,NounPPFrame,range,domain,1,rdf:type,dbo:BeautyQueen,dbo:BeautyQueen
beverage_of,noun,beverage,beverages,of,NounPPFrame,range,domain,1,rdf:type,dbo:Beverage,dbo:Beverage
biologicaldatabase_of,noun,Biological Database,Biological Databases,of,NounPPFrame,range,domain,1,rdf:type,dbo:BiologicalDatabase,dbo:BiologicalDatabase
bird_of,noun,Bird,Birds,of,NounPPFrame,range,domain,1,rdf:type,dbo:Bird,dbo:Bird
river_of,noun,river,rivers,of,NounPPFrame,range,domain,1,rdf:type,dbo:BodyOfWater,dbo:BodyOfWater
bodybuilder_of,noun,Bodybuilder,Bodybuilders,of,NounPPFrame,range,domain,1,rdf:type,dbo:Bodybuilder,dbo:Bodybuilder
bone_of,noun,Bone,Bones,of,NounPPFrame,range,domain,1,rdf:type,dbo:Bone,dbo:Bone
book_of,noun,book,books,of,NounPPFrame,range,domain,1,rdf:type,dbo:Book,dbo:Book
boxer_of,noun,Boxer,Boxers,of,NounPPFrame,range,domain,1,rdf:type,dbo:Boxer,dbo:Boxer
brain_of,noun,Brain,Brains,of,NounPPFrame,range,domain,1,rdf:type,dbo:Brain,dbo:Brain
brewery_of,noun,Brewery,Brewerys,of,NounPPFrame,range,domain,1,rdf:type,dbo:Brewery,dbo:Brewery
bridge_of,noun,Bridge,Bridges,of,NounPPFrame,range,domain,1,rdf:type,dbo:Bridge,dbo:Bridge
broadcast network_of,noun,broadcast network,broadcast networks,of,NounPPFrame,range,domain,1,rdf:type,dbo:BroadcastNetwork,dbo:BroadcastNetwork
broadcaster_of,noun,broadcaster,broadcasters,of,NounPPFrame,range,domain,1,rdf:type,dbo:Broadcaster,dbo:Broadcaster
building_of,noun,Building,dbo:Buildings,of,NounPPFrame,range,domain,1,rdf:type,dbo:Building,dbo:Building
buscompany_of,noun,Bus Company,Bus Companies,of,NounPPFrame,range,domain,1,rdf:type,dbo:BusCompany,dbo:BusCompany
businessperson_of,noun,Business Person,Business Persons,of,NounPPFrame,range,domain,1,rdf:type,dbo:BusinessPerson,dbo:BusinessPerson
canadianfootballteam_of,noun,Canadian Football Team,Canadian Football Teams,of,NounPPFrame,range,domain,1,rdf:type,dbo:CanadianFootballTeam,dbo:CanadianFootballTeam
canal_of,noun,Canal,Canals,of,NounPPFrame,range,domain,1,rdf:type,dbo:Canal,dbo:Canal
canoeist_of,noun,Canoeist,Canoeists,of,NounPPFrame,range,domain,1,rdf:type,dbo:Canoeist,dbo:Canoeist
cardinal_of,noun,Cardinal,Cardinals,of,NounPPFrame,range,domain,1,rdf:type,dbo:Cardinal,dbo:Cardinal
castle_of,noun,Castle,Castles,of,NounPPFrame,range,domain,1,rdf:type,dbo:Castle,dbo:Castle
cave_of,noun,Cave,Caves,of,NounPPFrame,range,domain,1,rdf:type,dbo:Cave,dbo:Cave
cheese_of,noun,Cheese,Cheeses,of,NounPPFrame,range,domain,1,rdf:type,dbo:Cheese,dbo:Cheese
chef_of,noun,Chef,Chefs,of,NounPPFrame,range,domain,1,rdf:type,dbo:Chef,dbo:Chef
chemicalcompound_of,noun,Chemical Compound,Chemical Compounds,of,NounPPFrame,range,domain,1,rdf:type,dbo:ChemicalCompound,dbo:ChemicalCompound
chessplayer_of,noun,Chess Player,Chess Players,of,NounPPFrame,range,domain,1,rdf:type,dbo:ChessPlayer,dbo:ChessPlayer
christianbishop_of,noun,Christian Bishop,Christian Bishops,of,NounPPFrame,range,domain,1,rdf:type,dbo:ChristianBishop,dbo:ChristianBishop
cinema_of,noun,Cinema,Cinemas,of,NounPPFrame,range,domain,1,rdf:type,dbo:Cinema,dbo:Cinema
city_of,noun,city,cities,of,NounPPFrame,range,domain,1,rdf:type,dbo:City,dbo:City
citydistrict_of,noun,City District,City Districts,of,NounPPFrame,range,domain,1,rdf:type,dbo:CityDistrict,dbo:CityDistrict
classicalmusicartist_of,noun,Classical Music Artist,Classical Music Artists,of,NounPPFrame,range,domain,1,rdf:type,dbo:ClassicalMusicArtist,dbo:ClassicalMusicArtist
classicalmusiccomposition_of,noun,Classical Music Composition,Classical Music Compositions,of,NounPPFrame,range,domain,1,rdf:type,dbo:ClassicalMusicComposition,dbo:ClassicalMusicComposition
cleric_of,noun,Cleric,Clerics,of,NounPPFrame,range,domain,1,rdf:type,dbo:Cleric,dbo:Cleric
college_of,noun,College,Colleges,of,NounPPFrame,range,domain,1,rdf:type,dbo:College,dbo:College
collegecoach_of,noun,College Coach,CollegeCoachs,of,NounPPFrame,range,domain,1,rdf:type,dbo:CollegeCoach,dbo:CollegeCoach
color_of,noun,color,colors,of,NounPPFrame,range,domain,1,rdf:type,dbo:Color,dbo:Color
color_of,noun,color,colors,of,NounPPFrame,range,domain,1,rdf:type,dbo:Colour,dbo:Colour
combinationdrug_of,noun,Combination Drug,Combination Drugs,of,NounPPFrame,range,domain,1,rdf:type,dbo:CombinationDrug,dbo:CombinationDrug
comedian_of,noun,Comedian,Comedians,of,NounPPFrame,range,domain,1,rdf:type,dbo:Comedian,dbo:Comedian
comedygroup_of,noun,Comedy Group,Comedy Groups,of,NounPPFrame,range,domain,1,rdf:type,dbo:ComedyGroup,dbo:ComedyGroup
comic_of,noun,Comic,Comics,of,NounPPFrame,range,domain,1,rdf:type,dbo:Comic,dbo:Comic
comicstrip_of,noun,Comic Strip,Comic Strips,of,NounPPFrame,range,domain,1,rdf:type,dbo:ComicStrip,dbo:ComicStrip
comic character_of,noun,comic character,comic characters,of,NounPPFrame,range,domain,1,rdf:type,dbo:ComicsCharacter,dbo:ComicsCharacter
comicscreator_of,noun,Comics Creator,Comics Creators,of,NounPPFrame,range,domain,1,rdf:type,dbo:ComicsCreator,dbo:ComicsCreator
company_of,noun,company,company,of,NounPPFrame,range,domain,1,rdf:type,dbo:Company,dbo:Company
concentrationcamp_of,noun,Concentration Camp,Concentration Camps,of,NounPPFrame,range,domain,1,rdf:type,dbo:ConcentrationCamp,dbo:ConcentrationCamp
congressman_of,noun,Congressman,Congressmans,of,NounPPFrame,range,domain,1,rdf:type,dbo:Congressman,dbo:Congressman
convention_of,noun,Convention,Conventions,of,NounPPFrame,range,domain,1,rdf:type,dbo:Convention,dbo:Convention
country_of,noun,country,countries,of,NounPPFrame,range,domain,1,rdf:type,dbo:Country,dbo:Country
crater_of,noun,Crater,Craters,of,NounPPFrame,range,domain,1,rdf:type,dbo:Crater,dbo:Crater
cricketground_of,noun,Cricket Ground,Cricket Grounds,of,NounPPFrame,range,domain,1,rdf:type,dbo:CricketGround,dbo:CricketGround
cricketteam_of,noun,Cricket Team,Cricket Teams,of,NounPPFrame,range,domain,1,rdf:type,dbo:CricketTeam,dbo:CricketTeam
cricketer_of,noun,Cricketer,Cricketers,of,NounPPFrame,range,domain,1,rdf:type,dbo:Cricketer,dbo:Cricketer
criminal_of,noun,Criminal,Criminals,of,NounPPFrame,range,domain,1,rdf:type,dbo:Criminal,dbo:Criminal
crustacean_of,noun,Crustacean,Crustaceans,of,NounPPFrame,range,domain,1,rdf:type,dbo:Crustacean,dbo:Crustacean
cultivatedvariety_of,noun,Cultivated Variety,Cultivated Varietys,of,NounPPFrame,range,domain,1,rdf:type,dbo:CultivatedVariety,dbo:CultivatedVariety
curler_of,noun,Curler,Curlers,of,NounPPFrame,range,domain,1,rdf:type,dbo:Curler,dbo:Curler
currency_of,noun,currency,currencies,of,NounPPFrame,range,domain,1,rdf:type,dbo:Currency,dbo:Currency
cyclingrace_of,noun,Cycling Race,Cycling Races,of,NounPPFrame,range,domain,1,rdf:type,dbo:CyclingRace,dbo:CyclingRace
cyclingteam_of,noun,Cycling Team,Cycling Teams,of,NounPPFrame,range,domain,1,rdf:type,dbo:CyclingTeam,dbo:CyclingTeam
cyclist_of,noun,Cyclist,Cyclists,of,NounPPFrame,range,domain,1,rdf:type,dbo:Cyclist,dbo:Cyclist
dam_of,noun,Dam,Dams,of,NounPPFrame,range,domain,1,rdf:type,dbo:Dam,dbo:Dam
dartsplayer_of,noun,DartsPlayer,DartsPlayers,of,NounPPFrame,range,domain,1,rdf:type,dbo:DartsPlayer,dbo:DartsPlayer
device_of,noun,Device,Devices,of,NounPPFrame,range,domain,1,rdf:type,dbo:Device,dbo:Device
diocese_of,noun,Diocese,Dioceses,of,NounPPFrame,range,domain,1,rdf:type,dbo:Diocese,dbo:Diocese
disease_of,noun,disease,diseases,of,NounPPFrame,range,domain,1,rdf:type,dbo:Disease,dbo:Disease
drug_of,noun,Drug,Drugs,of,NounPPFrame,range,domain,1,rdf:type,dbo:Drug,dbo:Drug
earthquake_of,noun,Earthquake,Earthquakes,of,NounPPFrame,range,domain,1,rdf:type,dbo:Earthquake,dbo:Earthquake
economist_of,noun,Economist,Economists,of,NounPPFrame,range,domain,1,rdf:type,dbo:Economist,dbo:Economist
educational institution_of,noun,educational institution,educational institutions,of,NounPPFrame,range,domain,1,rdf:type,dbo:EducationalInstitution,dbo:EducationalInstitution
election_of,noun,Election,Elections,of,NounPPFrame,range,domain,1,rdf:type,dbo:Election,dbo:Election
embryology_of,noun,Embryology,Embryologys,of,NounPPFrame,range,domain,1,rdf:type,dbo:Embryology,dbo:Embryology
engineer_of,noun,Engineer,Engineers,of,NounPPFrame,range,domain,1,rdf:type,dbo:Engineer,dbo:Engineer
entomologist_of,noun,Entomologist,Entomologists,of,NounPPFrame,range,domain,1,rdf:type,dbo:Entomologist,dbo:Entomologist
enzyme_of,noun,Enzyme,Enzymes,of,NounPPFrame,range,domain,1,rdf:type,dbo:Enzyme,dbo:Enzyme
ethnic group_of,noun,ethnic group,ethnic groups,of,NounPPFrame,range,domain,1,rdf:type,dbo:EthnicGroup,dbo:EthnicGroup
eukaryote_of,noun,Eukaryote,Eukaryotes,of,NounPPFrame,range,domain,1,rdf:type,dbo:Eukaryote,dbo:Eukaryote
eurovisionsongcontestentry_of,noun,Eurovision Song Contest Entry,Eurovision Song Contest Entrys,of,NounPPFrame,range,domain,1,rdf:type,dbo:EurovisionSongContestEntry,dbo:EurovisionSongContestEntry
event_of,noun,event,events,of,NounPPFrame,range,domain,1,rdf:type,dbo:Event,dbo:Event
fashion_of,noun,Fashion,Fashions,of,NounPPFrame,range,domain,1,rdf:type,dbo:Fashion,dbo:Fashion
fashiondesigner_of,noun,Fashion Designer,Fashion Designers,of,NounPPFrame,range,domain,1,rdf:type,dbo:FashionDesigner,dbo:FashionDesigner
fictional character_of,noun,fictional character,fictional characters,of,NounPPFrame,range,domain,1,rdf:type,dbo:FictionalCharacter,dbo:FictionalCharacter
figureskater_of,noun,Figure Skater,Figure Skaters,of,NounPPFrame,range,domain,1,rdf:type,dbo:FigureSkater,dbo:FigureSkater
film_of,noun,film,films,of,NounPPFrame,range,domain,1,rdf:type,dbo:Film,dbo:Film
filmfestival_of,noun,Film Festival,Film Festivals,of,NounPPFrame,range,domain,1,rdf:type,dbo:FilmFestival,dbo:FilmFestival
fish_of,noun,Fish,Fishs,of,NounPPFrame,range,domain,1,rdf:type,dbo:Fish,dbo:Fish
food_of,noun,food,foods,of,NounPPFrame,range,domain,1,rdf:type,dbo:Food,dbo:Food
footballleagueseason_of,noun,Football League Season,Football League Seasons,of,NounPPFrame,range,domain,1,rdf:type,dbo:FootballLeagueSeason,dbo:FootballLeagueSeason
footballmatch_of,noun,Football Match,Football Matchs,of,NounPPFrame,range,domain,1,rdf:type,dbo:FootballMatch,dbo:FootballMatch
formermunicipality_of,noun,Former Municipality,Former Municipalitys,of,NounPPFrame,range,domain,1,rdf:type,dbo:FormerMunicipality,dbo:FormerMunicipality
formulaoneracer_of,noun,Formula One Racer,Formula One Racers,of,NounPPFrame,range,domain,1,rdf:type,dbo:FormulaOneRacer,dbo:FormulaOneRacer
formulaoneteam_of,noun,Formula OneTeam,Formula One Teams,of,NounPPFrame,range,domain,1,rdf:type,dbo:FormulaOneTeam,dbo:FormulaOneTeam
book_of,noun,book,book,of,NounPPFrame,range,domain,1,rdf:type,dbo:Foundation_series,dbo:Foundation_series
fungus_of,noun,Fungus,Funguss,of,NounPPFrame,range,domain,1,rdf:type,dbo:Fungus,dbo:Fungus
gaelicgamesplayer_of,noun,Gaelic Games Player,Gaelic Games Players,of,NounPPFrame,range,domain,1,rdf:type,dbo:GaelicGamesPlayer,dbo:GaelicGamesPlayer
galaxy_of,noun,Galaxy,Galaxys,of,NounPPFrame,range,domain,1,rdf:type,dbo:Galaxy,dbo:Galaxy
game_of,noun,Game,Games,of,NounPPFrame,range,domain,1,rdf:type,dbo:Game,dbo:Game
garden_of,noun,Garden,Gardens,of,NounPPFrame,range,domain,1,rdf:type,dbo:Garden,dbo:Garden
genre_of,noun,genre,genres,of,NounPPFrame,range,domain,1,rdf:type,dbo:Genre,dbo:Genre
givenname_of,noun,Given Name,Given Names,of,NounPPFrame,range,domain,1,rdf:type,dbo:GivenName,dbo:GivenName
glacier_of,noun,Glacier,Glaciers,of,NounPPFrame,range,domain,1,rdf:type,dbo:Glacier,dbo:Glacier
golfcourse_of,noun,Golf Course,Golf Courses,of,NounPPFrame,range,domain,1,rdf:type,dbo:GolfCourse,dbo:GolfCourse
golfplayer_of,noun,Golf Player,Golf Players,of,NounPPFrame,range,domain,1,rdf:type,dbo:GolfPlayer,dbo:GolfPlayer
golftournament_of,noun,Golf Tournament,Golf Tournaments,of,NounPPFrame,range,domain,1,rdf:type,dbo:GolfTournament,dbo:GolfTournament
governmentagency_of,noun,Government Agency,Government Agencys,of,NounPPFrame,range,domain,1,rdf:type,dbo:GovernmentAgency,dbo:GovernmentAgency
governor_of,noun,Governor,Governors,of,NounPPFrame,range,domain,1,rdf:type,dbo:Governor,dbo:Governor
grandprix_of,noun,Grand Prix,Grand Prixs,of,NounPPFrame,range,domain,1,rdf:type,dbo:GrandPrix,dbo:GrandPrix
grape_of,noun,grape,grapes,of,NounPPFrame,range,domain,1,rdf:type,dbo:Grape,dbo:Grape
greenalga_of,noun,Green Alga,Green Algas,of,NounPPFrame,range,domain,1,rdf:type,dbo:GreenAlga,dbo:GreenAlga
guitarist_of,noun,Guitarist,Guitarists,of,NounPPFrame,range,domain,1,rdf:type,dbo:Guitarist,dbo:Guitarist
gymnast_of,noun,Gymnast,Gymnasts,of,NounPPFrame,range,domain,1,rdf:type,dbo:Gymnast,dbo:Gymnast
handballplayer_of,noun,Handball Player,Handball Players,of,NounPPFrame,range,domain,1,rdf:type,dbo:HandballPlayer,dbo:HandballPlayer
handballteam_of,noun,Handball Team,Handball Teams,of,NounPPFrame,range,domain,1,rdf:type,dbo:HandballTeam,dbo:HandballTeam
historian_of,noun,Historian,Historians,of,NounPPFrame,range,domain,1,rdf:type,dbo:Historian,dbo:Historian
historicbuilding_of,noun,Historic Building,Historic Buildings,of,NounPPFrame,range,domain,1,rdf:type,dbo:HistoricBuilding,dbo:HistoricBuilding
historicplace_of,noun,Historic Place,Historic Places,of,NounPPFrame,range,domain,1,rdf:type,dbo:HistoricPlace,dbo:HistoricPlace
hockeyteam_of,noun,Hockey Team,Hockey Teams,of,NounPPFrame,range,domain,1,rdf:type,dbo:HockeyTeam,dbo:HockeyTeam
holiday_of,noun,Holiday,Holidays,of,NounPPFrame,range,domain,1,rdf:type,dbo:Holiday,dbo:Holiday
hollywoodcartoon_of,noun,Hollywood Cartoon,Hollywood Cartoons,of,NounPPFrame,range,domain,1,rdf:type,dbo:HollywoodCartoon,dbo:HollywoodCartoon
horse_of,noun,Horse,Horses,of,NounPPFrame,range,domain,1,rdf:type,dbo:Horse,dbo:Horse
horserace_of,noun,Horse Race,Horse Races,of,NounPPFrame,range,domain,1,rdf:type,dbo:HorseRace,dbo:HorseRace
horsetrainer_of,noun,Horse Trainer,Horse Trainers,of,NounPPFrame,range,domain,1,rdf:type,dbo:HorseTrainer,dbo:HorseTrainer
hospital_of,noun,Hospital,Hospitals,of,NounPPFrame,range,domain,1,rdf:type,dbo:Hospital,dbo:Hospital
hotel_of,noun,Hotel,Hotels,of,NounPPFrame,range,domain,1,rdf:type,dbo:Hotel,dbo:Hotel
humangene_of,noun,Human Gene,Human Genes,of,NounPPFrame,range,domain,1,rdf:type,dbo:HumanGene,dbo:HumanGene
ice hockey league_of,noun,Ice Hockey League,Ice Hockey Leagues,of,NounPPFrame,range,domain,1,rdf:type,dbo:IceHockeyLeague,dbo:IceHockeyLeague
icehockeyplayer_of,noun,Ice Hockey Player,Ice Hockey Players,of,NounPPFrame,range,domain,1,rdf:type,dbo:IceHockeyPlayer,dbo:IceHockeyPlayer
ideology_of,noun,ideology,ideologies,of,NounPPFrame,range,domain,1,rdf:type,dbo:Ideology,dbo:Ideology
informationappliance_of,noun,Information Appliance,Information Appliances,of,NounPPFrame,range,domain,1,rdf:type,dbo:InformationAppliance,dbo:InformationAppliance
infrastructure_of,noun,infrastructure,infrastructures,of,NounPPFrame,range,domain,1,rdf:type,dbo:Infrastructure,dbo:Infrastructure
insect_of,noun,Insect,Insects,of,NounPPFrame,range,domain,1,rdf:type,dbo:Insect,dbo:Insect
island_of,noun,Island,Islands,of,NounPPFrame,range,domain,1,rdf:type,dbo:Island,dbo:Island
jockey_of,noun,Jockey,Jockeys,of,NounPPFrame,range,domain,1,rdf:type,dbo:Jockey,dbo:Jockey
journalist_of,noun,Journalist,Journalists,of,NounPPFrame,range,domain,1,rdf:type,dbo:Journalist,dbo:Journalist
lacrosseplayer_of,noun,Lacrosse Player,Lacrosse Players,of,NounPPFrame,range,domain,1,rdf:type,dbo:LacrossePlayer,dbo:LacrossePlayer
lake_of,noun,lake,lakes,of,NounPPFrame,range,domain,1,rdf:type,dbo:Lake,dbo:Lake
language_of,noun,language,languages,of,NounPPFrame,range,domain,1,rdf:type,dbo:Language,dbo:Language
launch pad_of,noun,launch pad,launch pads,of,NounPPFrame,range,domain,1,rdf:type,dbo:LaunchPad,dbo:LaunchPad
lawfirm_of,noun,Law Firm,Law Firms,of,NounPPFrame,range,domain,1,rdf:type,dbo:LawFirm,dbo:LawFirm
legislature_of,noun,legislature,legislatures,of,NounPPFrame,range,domain,1,rdf:type,dbo:Legislature,dbo:Legislature
library_of,noun,Library,Librarys,of,NounPPFrame,range,domain,1,rdf:type,dbo:Library,dbo:Library
ligament_of,noun,Ligament,Ligaments,of,NounPPFrame,range,domain,1,rdf:type,dbo:Ligament,dbo:Ligament
lighthouse_of,noun,Lighthouse,Lighthouses,of,NounPPFrame,range,domain,1,rdf:type,dbo:Lighthouse,dbo:Lighthouse
location_of,noun,location,locations,of,NounPPFrame,range,domain,1,rdf:type,dbo:Location,dbo:Location
locomotive_of,noun,Locomotive,Locomotives,of,NounPPFrame,range,domain,1,rdf:type,dbo:Locomotive,dbo:Locomotive
loyality_of,noun,loyality,loyalities,of,NounPPFrame,range,domain,1,rdf:type,dbo:Loyalty,dbo:Loyalty
magazine_of,noun,Magazine,Magazines,of,NounPPFrame,range,domain,1,rdf:type,dbo:Magazine,dbo:Magazine
mammal_of,noun,Mammal,Mammals,of,NounPPFrame,range,domain,1,rdf:type,dbo:Mammal,dbo:Mammal
manga_of,noun,Manga,Mangas,of,NounPPFrame,range,domain,1,rdf:type,dbo:Manga,dbo:Manga
martialartist_of,noun,Martial Artist,Martial Artists,of,NounPPFrame,range,domain,1,rdf:type,dbo:MartialArtist,dbo:MartialArtist
mayor_of,noun,Mayor,Mayors,of,NounPPFrame,range,domain,1,rdf:type,dbo:Mayor,dbo:Mayor
medician_of,noun,Medician,Medicians,of,NounPPFrame,range,domain,1,rdf:type,dbo:Medician,dbo:Medician
memberofparliament_of,noun,Member of Parliament,Member of Parliaments,of,NounPPFrame,range,domain,1,rdf:type,dbo:MemberOfParliament,dbo:MemberOfParliament
military conflict_of,noun,military conflict,military conflicts,of,NounPPFrame,range,domain,1,rdf:type,dbo:MilitaryConflict,dbo:MilitaryConflict
person_of,noun,person,persons,of,NounPPFrame,range,domain,1,rdf:type,dbo:MilitaryPerson,dbo:MilitaryPerson
militarystructure_of,noun,Military Structure,Military Structures,of,NounPPFrame,range,domain,1,rdf:type,dbo:MilitaryStructure,dbo:MilitaryStructure
military unit_of,noun,military unit,military units,of,NounPPFrame,range,domain,1,rdf:type,dbo:MilitaryUnit,dbo:MilitaryUnit
mineral_of,noun,Mineral,Minerals,of,NounPPFrame,range,domain,1,rdf:type,dbo:Mineral,dbo:Mineral
mixedmartialartsevent_of,noun,Mixed Martial Arts Event,Mixed Martial Arts Events,of,NounPPFrame,range,domain,1,rdf:type,dbo:MixedMartialArtsEvent,dbo:MixedMartialArtsEvent
model_of,noun,model,models,of,NounPPFrame,range,domain,1,rdf:type,dbo:Model,dbo:Model
mollusca_of,noun,Mollusca,Molluscas,of,NounPPFrame,range,domain,1,rdf:type,dbo:Mollusca,dbo:Mollusca
monoclonalantibody_of,noun,Monoclonal Antibody,Monoclonal Antibodys,of,NounPPFrame,range,domain,1,rdf:type,dbo:MonoclonalAntibody,dbo:MonoclonalAntibody
monument_of,noun,Monument,Monuments,of,NounPPFrame,range,domain,1,rdf:type,dbo:Monument,dbo:Monument
moss_of,noun,Moss,Mosss,of,NounPPFrame,range,domain,1,rdf:type,dbo:Moss,dbo:Moss
motorcycle_of,noun,Motorcycle,Motorcycles,of,NounPPFrame,range,domain,1,rdf:type,dbo:Motorcycle,dbo:Motorcycle
motorcyclerider_of,noun,Motorcycle Rider,Motorcycle Riders,of,NounPPFrame,range,domain,1,rdf:type,dbo:MotorcycleRider,dbo:MotorcycleRider
motorsportseason_of,noun,Motorsport Season,Motorsport Seasons,of,NounPPFrame,range,domain,1,rdf:type,dbo:MotorsportSeason,dbo:MotorsportSeason
mountain_of,noun,mountain,mountains,of,NounPPFrame,range,domain,1,rdf:type,dbo:Mountain,dbo:Mountain
mountainpass_of,noun,Mountain Pass,Mountain Passs,of,NounPPFrame,range,domain,1,rdf:type,dbo:MountainPass,dbo:MountainPass
mountain range_of,noun,mountain range,mountain ranges,of,NounPPFrame,range,domain,1,rdf:type,dbo:MountainRange,dbo:MountainRange
muscle_of,noun,Muscle,Muscles,of,NounPPFrame,range,domain,1,rdf:type,dbo:Muscle,dbo:Muscle
museum_of,noun,museum,museums,of,NounPPFrame,range,domain,1,rdf:type,dbo:Museum,dbo:Museum
musicfestival_of,noun,Music Festival,Music Festivals,of,NounPPFrame,range,domain,1,rdf:type,dbo:MusicFestival,dbo:MusicFestival
musicgenre_of,noun,MusicGenre,MusicGenres,of,NounPPFrame,range,domain,1,rdf:type,dbo:MusicGenre,dbo:MusicGenre
musical_of,noun,musical,musicals,of,NounPPFrame,range,domain,1,rdf:type,dbo:Musical,dbo:Musical
musical artist_of,noun,musical artist,musical artists,of,NounPPFrame,range,domain,1,rdf:type,dbo:MusicalArtist,dbo:MusicalArtist
music_of,noun,music,musics,of,NounPPFrame,range,domain,1,rdf:type,dbo:MusicalWork,dbo:MusicalWork
mythologicalfigure_of,noun,Mythological Figure,Mythological Figures,of,NounPPFrame,range,domain,1,rdf:type,dbo:MythologicalFigure,dbo:MythologicalFigure
ncaateamseason_of,noun,NCAATeamSeason,NCAATeamSeasons,of,NounPPFrame,range,domain,1,rdf:type,dbo:NCAATeamSeason,dbo:NCAATeamSeason
nascardriver_of,noun,Nascar Driver,Nascar Drivers,of,NounPPFrame,range,domain,1,rdf:type,dbo:NascarDriver,dbo:NascarDriver
nationalcollegiateathleticassociationathlete_of,noun,National Collegiate Athletic Association Athlete,National Collegiate Athletic Association Athletes,of,NounPPFrame,range,domain,1,rdf:type,dbo:NationalCollegiateAthleticAssociationAthlete,dbo:NationalCollegiateAthleticAssociationAthlete
nationalfootballleagueseason_of,noun,NationalFootballLeagueSeason,NationalFootballLeagueSeasons,of,NounPPFrame,range,domain,1,rdf:type,dbo:NationalFootballLeagueSeason,dbo:NationalFootballLeagueSeason
nerve_of,noun,Nerve,Nerves,of,NounPPFrame,range,domain,1,rdf:type,dbo:Nerve,dbo:Nerve
netballplayer_of,noun,Netball Player,Netball Players,of,NounPPFrame,range,domain,1,rdf:type,dbo:NetballPlayer,dbo:NetballPlayer
newspaper_of,noun,Newspaper,Newspapers,of,NounPPFrame,range,domain,1,rdf:type,dbo:Newspaper,dbo:Newspaper
noble_of,noun,Noble,Nobles,of,NounPPFrame,range,domain,1,rdf:type,dbo:Noble,dbo:Noble
olympicevent_of,noun,Olympic Event,Olympic Events,of,NounPPFrame,range,domain,1,rdf:type,dbo:OlympicEvent,dbo:OlympicEvent
olympics_of,noun,Olympics,Olympicss,of,NounPPFrame,range,domain,1,rdf:type,dbo:Olympics,dbo:Olympics
organization_of,noun,organization,organizations,of,NounPPFrame,range,domain,1,rdf:type,dbo:Organisation,dbo:Organisation
outbreak_of,noun,Outbreak,Outbreaks,of,NounPPFrame,range,domain,1,rdf:type,dbo:Outbreak,dbo:Outbreak
painter_of,noun,Painter,Painters,of,NounPPFrame,range,domain,1,rdf:type,dbo:Painter,dbo:Painter
park_of,noun,Park,Parks,of,NounPPFrame,range,domain,1,rdf:type,dbo:Park,dbo:Park
periodical literature_of,noun,periodical literature,periodical literatures,of,NounPPFrame,range,domain,1,rdf:type,dbo:PeriodicalLiterature,dbo:PeriodicalLiterature
person_of,noun,person,persons,of,NounPPFrame,range,domain,1,rdf:type,dbo:Person,dbo:Person
philosopher_of,noun,Philosopher,Philosophers,of,NounPPFrame,range,domain,1,rdf:type,dbo:Philosopher,dbo:Philosopher
photographer_of,noun,Photographer,Photographers,of,NounPPFrame,range,domain,1,rdf:type,dbo:Photographer,dbo:Photographer
place_of,noun,place,places,of,NounPPFrame,range,domain,1,rdf:type,dbo:Place,dbo:Place
plant_of,noun,plant,planets,of,NounPPFrame,range,domain,1,rdf:type,dbo:Planet,dbo:Planet
plant_of,noun,Plant,Plants,of,NounPPFrame,range,domain,1,rdf:type,dbo:Plant,dbo:Plant
play_of,noun,play,plays,of,NounPPFrame,range,domain,1,rdf:type,dbo:Play,dbo:Play
playboyplaymate_of,noun,Playboy Playmate,Playboy Playmates,of,NounPPFrame,range,domain,1,rdf:type,dbo:PlayboyPlaymate,dbo:PlayboyPlaymate
poem_of,noun,Poem,Poems,of,NounPPFrame,range,domain,1,rdf:type,dbo:Poem,dbo:Poem
poet_of,noun,Poet,Poets,of,NounPPFrame,range,domain,1,rdf:type,dbo:Poet,dbo:Poet
pokerplayer_of,noun,Poker Player,Poker Players,of,NounPPFrame,range,domain,1,rdf:type,dbo:PokerPlayer,dbo:PokerPlayer
politicalparty_of,noun,political Party,political Parties,of,NounPPFrame,range,domain,1,rdf:type,dbo:PoliticalParty,dbo:PoliticalParty
politician_of,noun,politician,politicians,of,NounPPFrame,range,domain,1,rdf:type,dbo:Politician,dbo:Politician
pope_of,noun,pope,popes,of,NounPPFrame,range,domain,1,rdf:type,dbo:Pope,dbo:Pope
populated place_of,noun,populated place,populated places,of,NounPPFrame,range,domain,1,rdf:type,dbo:PopulatedPlace,dbo:PopulatedPlace
powerstation_of,noun,Power Station,Power Stations,of,NounPPFrame,range,domain,1,rdf:type,dbo:PowerStation,dbo:PowerStation
presenter_of,noun,Presenter,Presenters,of,NounPPFrame,range,domain,1,rdf:type,dbo:Presenter,dbo:Presenter
president_of,noun,president,presidents,of,NounPPFrame,range,domain,1,rdf:type,dbo:President,dbo:President
priest_of,noun,Priest,Priests,of,NounPPFrame,range,domain,1,rdf:type,dbo:Priest,dbo:Priest
primeminister_of,noun,Prime Minister,Prime Ministers,of,NounPPFrame,range,domain,1,rdf:type,dbo:PrimeMinister,dbo:PrimeMinister
prison_of,noun,Prison,Prisons,of,NounPPFrame,range,domain,1,rdf:type,dbo:Prison,dbo:Prison
programming language_of,noun,programming language,programming languages,of,NounPPFrame,range,domain,1,rdf:type,dbo:ProgrammingLanguage,dbo:ProgrammingLanguage
protectedarea_of,noun,Protected Area,Protected Areas,of,NounPPFrame,range,domain,1,rdf:type,dbo:ProtectedArea,dbo:ProtectedArea
protein_of,noun,Protein,Proteins,of,NounPPFrame,range,domain,1,rdf:type,dbo:Protein,dbo:Protein
publictransitsystem_of,noun,Public Transit System,Public Transit Systems,of,NounPPFrame,range,domain,1,rdf:type,dbo:PublicTransitSystem,dbo:PublicTransitSystem
publisher_of,noun,publisher,publishers,of,NounPPFrame,range,domain,1,rdf:type,dbo:Publisher,dbo:Publisher
racecourse_of,noun,Racecourse,Racecourses,of,NounPPFrame,range,domain,1,rdf:type,dbo:Racecourse,dbo:Racecourse
racingdriver_of,noun,Racing Driver,Racing Drivers,of,NounPPFrame,range,domain,1,rdf:type,dbo:RacingDriver,dbo:RacingDriver
radiohost_of,noun,Radio Host,Radio Hosts,of,NounPPFrame,range,domain,1,rdf:type,dbo:RadioHost,dbo:RadioHost
radioprogram_of,noun,Radio Program,Radio Programs,of,NounPPFrame,range,domain,1,rdf:type,dbo:RadioProgram,dbo:RadioProgram
radiostation_of,noun,Radio Station,Radio Stations,of,NounPPFrame,range,domain,1,rdf:type,dbo:RadioStation,dbo:RadioStation
railwayline_of,noun,Railway Line,Railway Lines,of,NounPPFrame,range,domain,1,rdf:type,dbo:RailwayLine,dbo:RailwayLine
railwaystation_of,noun,Railway Station,Railway Stations,of,NounPPFrame,range,domain,1,rdf:type,dbo:RailwayStation,dbo:RailwayStation
railwaytunnel_of,noun,Railway Tunnel,Railway Tunnels ,of,NounPPFrame,range,domain,1,rdf:type,dbo:RailwayTunnel,dbo:RailwayTunnel
recordlabel_of,noun,RecordLabel,RecordLabels,of,NounPPFrame,range,domain,1,rdf:type,dbo:RecordLabel,dbo:RecordLabel
religious_of,noun,Religious,Religiouss,of,NounPPFrame,range,domain,1,rdf:type,dbo:Religious,dbo:Religious
religiousbuilding_of,noun,Religious Building,Religious Buildings,of,NounPPFrame,range,domain,1,rdf:type,dbo:ReligiousBuilding,dbo:ReligiousBuilding
reptile_of,noun,Reptile,Reptiles,of,NounPPFrame,range,domain,1,rdf:type,dbo:Reptile,dbo:Reptile
restaurant_of,noun,Restaurant,Restaurants,of,NounPPFrame,range,domain,1,rdf:type,dbo:Restaurant,dbo:Restaurant
river_of,noun,river,rivers,of,NounPPFrame,range,domain,1,rdf:type,dbo:River,dbo:River
road_of,noun,road,roads,of,NounPPFrame,range,domain,1,rdf:type,dbo:Road,dbo:Road
roadjunction_of,noun,Road Junction,Road Junctions,of,NounPPFrame,range,domain,1,rdf:type,dbo:RoadJunction,dbo:RoadJunction
roadtunnel_of,noun,Road Tunnel,Road Tunnels,of,NounPPFrame,range,domain,1,rdf:type,dbo:RoadTunnel,dbo:RoadTunnel
rocket_of,noun,Rocket,Rockets,of,NounPPFrame,range,domain,1,rdf:type,dbo:Rocket,dbo:Rocket
rollercoaster_of,noun,Roller Coaster,Roller Coasters,of,NounPPFrame,range,domain,1,rdf:type,dbo:RollerCoaster,dbo:RollerCoaster
route of transportation_of,noun,route of transportation,routes of transportation,of,NounPPFrame,range,domain,1,rdf:type,dbo:RouteOfTransportation,dbo:RouteOfTransportation
rower_of,noun,Rower,Rowers,of,NounPPFrame,range,domain,1,rdf:type,dbo:Rower,dbo:Rower
royalty_of,noun,Royalty,Royalties,of,NounPPFrame,range,domain,1,rdf:type,dbo:Royalty,dbo:Royalty
rugbyclub_of,noun,Rugby Club,Rugby Clubs,of,NounPPFrame,range,domain,1,rdf:type,dbo:RugbyClub,dbo:RugbyClub
rugbyleague_of,noun,Rugby League,Rugby Leagues,of,NounPPFrame,range,domain,1,rdf:type,dbo:RugbyLeague,dbo:RugbyLeague
rugbyplayer_of,noun,Rugby Player,Rugby Players,of,NounPPFrame,range,domain,1,rdf:type,dbo:RugbyPlayer,dbo:RugbyPlayer
saint_of,noun,Saint,Saints,of,NounPPFrame,range,domain,1,rdf:type,dbo:Saint,dbo:Saint
school_of,noun,School,Schools,of,NounPPFrame,range,domain,1,rdf:type,dbo:School,dbo:School
scientist_of,noun,scientist,scientists,of,NounPPFrame,range,domain,1,rdf:type,dbo:Scientist,dbo:Scientist
screenwriter_of,noun,Screen Writer,Screen Writers,of,NounPPFrame,range,domain,1,rdf:type,dbo:ScreenWriter,dbo:ScreenWriter
sea_of,noun,Sea,Seas,of,NounPPFrame,range,domain,1,rdf:type,dbo:Sea,dbo:Sea
senator_of,noun,Senator,Senators,of,NounPPFrame,range,domain,1,rdf:type,dbo:Senator,dbo:Senator
settlement_of,noun,settlement,settlements,of,NounPPFrame,range,domain,1,rdf:type,dbo:Settlement,dbo:Settlement
work_of,noun,work,works,of,NounPPFrame,range,domain,1,rdf:type,dbo:Ship,dbo:Ship
shoppingmall_of,noun,Shopping Mall,Shopping Malls,of,NounPPFrame,range,domain,1,rdf:type,dbo:ShoppingMall,dbo:ShoppingMall
person_of,noun,person,persons,of,NounPPFrame,range,domain,1,rdf:type,dbo:Single,dbo:Single
siteofspecialscientificinterest_of,noun,Site of Special Scientific Interest,Site of Special Scientific Interests,of,NounPPFrame,range,domain,1,rdf:type,dbo:SiteOfSpecialScientificInterest,dbo:SiteOfSpecialScientificInterest
skater_of,noun,Skater,Skaters,of,NounPPFrame,range,domain,1,rdf:type,dbo:Skater,dbo:Skater
skiarea_of,noun,Ski Area,Ski Areas,of,NounPPFrame,range,domain,1,rdf:type,dbo:SkiArea,dbo:SkiArea
skier_of,noun,Skier,Skiers,of,NounPPFrame,range,domain,1,rdf:type,dbo:Skier,dbo:Skier
snookerplayer_of,noun,Snooker Player,Snooker Players,of,NounPPFrame,range,domain,1,rdf:type,dbo:SnookerPlayer,dbo:SnookerPlayer
soapcharacter_of,noun,Soap Character,Soap Characters,of,NounPPFrame,range,domain,1,rdf:type,dbo:SoapCharacter,dbo:SoapCharacter
soccerclub_of,noun,Soccer Club,Soccer Clubs,of,NounPPFrame,range,domain,1,rdf:type,dbo:SoccerClub,dbo:SoccerClub
soccerclubseason_of,noun,Soccer Club Season,Soccer Club Seasons,of,NounPPFrame,range,domain,1,rdf:type,dbo:SoccerClubSeason,dbo:SoccerClubSeason
soccerleague_of,noun,Soccer League,Soccer Leagues,of,NounPPFrame,range,domain,1,rdf:type,dbo:SoccerLeague,dbo:SoccerLeague
soccermanager_of,noun,Soccer Manager,Soccer Managers,of,NounPPFrame,range,domain,1,rdf:type,dbo:SoccerManager,dbo:SoccerManager
soccerplayer_of,noun,Soccer Player,Soccer Players,of,NounPPFrame,range,domain,1,rdf:type,dbo:SoccerPlayer,dbo:SoccerPlayer
soccertournament_of,noun,SoccerTournament,SoccerTournaments,of,NounPPFrame,range,domain,1,rdf:type,dbo:SoccerTournament,dbo:SoccerTournament
software_of,noun,software,softwares,of,NounPPFrame,range,domain,1,rdf:type,dbo:Software,dbo:Software
solareclipse_of,noun,Solar Eclipse,Solar Eclipses,of,NounPPFrame,range,domain,1,rdf:type,dbo:SolarEclipse,dbo:SolarEclipse
song_of,noun,song,songs,of,NounPPFrame,range,domain,1,rdf:type,dbo:Song,dbo:Song
space mission_of,noun,space mission,Space missions,of,NounPPFrame,range,domain,1,rdf:type,dbo:SpaceMission,dbo:SpaceMission
spaceflight_of,noun,spaceflight,spaceflights,of,NounPPFrame,range,domain,1,rdf:type,dbo:SpaceStation,dbo:SpaceStation
species_of,noun,Species,Speciess,of,NounPPFrame,range,domain,1,rdf:type,dbo:Species,dbo:Species
speedwayrider_of,noun,Speedway Rider,Speedway Riders,of,NounPPFrame,range,domain,1,rdf:type,dbo:SpeedwayRider,dbo:SpeedwayRider
speedwayteam_of,noun,Speedway Team,Speedway Teams,of,NounPPFrame,range,domain,1,rdf:type,dbo:SpeedwayTeam,dbo:SpeedwayTeam
sport_of,noun,Sport,Sports,of,NounPPFrame,range,domain,1,rdf:type,dbo:Sport,dbo:Sport
sportsclub_of,noun,Sports Club,Sports Clubs,of,NounPPFrame,range,domain,1,rdf:type,dbo:SportsClub,dbo:SportsClub
sportsevent_of,noun,Sports Event,Sports Events,of,NounPPFrame,range,domain,1,rdf:type,dbo:SportsEvent,dbo:SportsEvent
sportsleague_of,noun,Sports League,Sports Leagues,of,NounPPFrame,range,domain,1,rdf:type,dbo:SportsLeague,dbo:SportsLeague
sports team_of,noun,sports team,sports teams,of,NounPPFrame,range,domain,1,rdf:type,dbo:SportsTeam,dbo:SportsTeam
sportsteammember_of,noun,Sports Team Member,Sports Team Members,of,NounPPFrame,range,domain,1,rdf:type,dbo:SportsTeamMember,dbo:SportsTeamMember
squashplayer_of,noun,SquashPlayer,SquashPlayers,of,NounPPFrame,range,domain,1,rdf:type,dbo:SquashPlayer,dbo:SquashPlayer
stadium_of,noun,stadium,stadiums,of,NounPPFrame,range,domain,1,rdf:type,dbo:Stadium,dbo:Stadium
star_of,noun,Star,Stars,of,NounPPFrame,range,domain,1,rdf:type,dbo:Star,dbo:Star
state_of,noun,state,states,of,NounPPFrame,range,domain,1,rdf:type,dbo:State,dbo:State
station_of,noun,Station,Stations,of,NounPPFrame,range,domain,1,rdf:type,dbo:Station,dbo:Station
stream_of,noun,stream,streams,of,NounPPFrame,range,domain,1,rdf:type,dbo:Stream,dbo:Stream
sumowrestler_of,noun,Sumo Wrestler,Sumo Wrestlers,of,NounPPFrame,range,domain,1,rdf:type,dbo:SumoWrestler,dbo:SumoWrestler
supremecourtoftheunitedstatescase_of,noun,Supreme Court of the United States Case,Supreme Court of the United States Cases,of,NounPPFrame,range,domain,1,rdf:type,dbo:SupremeCourtOfTheUnitedStatesCase,dbo:SupremeCourtOfTheUnitedStatesCase
surname_of,noun,Surname,Surnames,of,NounPPFrame,range,domain,1,rdf:type,dbo:Surname,dbo:Surname
swimmer_of,noun,swimmer,swimmers,of,NounPPFrame,range,domain,1,rdf:type,dbo:Swimmer,dbo:Swimmer
tabletennisplayer_of,noun,Table Tennis Player,Table Tennis Players,of,NounPPFrame,range,domain,1,rdf:type,dbo:TableTennisPlayer,dbo:TableTennisPlayer
televisionepisode_of,noun,Television Episode,Television Episodes,of,NounPPFrame,range,domain,1,rdf:type,dbo:TelevisionEpisode,dbo:TelevisionEpisode
televisionseason_of,noun,Television Season,Television Seasons,of,NounPPFrame,range,domain,1,rdf:type,dbo:TelevisionSeason,dbo:TelevisionSeason
television show_of,noun,television show,television shows,of,NounPPFrame,range,domain,1,rdf:type,dbo:TelevisionShow,dbo:TelevisionShow
televisionstation_of,noun,Television Station,Television Stations,of,NounPPFrame,range,domain,1,rdf:type,dbo:TelevisionStation,dbo:TelevisionStation
tennisplayer_of,noun,Tennis Player,Tennis Players,of,NounPPFrame,range,domain,1,rdf:type,dbo:TennisPlayer,dbo:TennisPlayer
tennistournament_of,noun,TennisTournament,TennisTournaments,of,NounPPFrame,range,domain,1,rdf:type,dbo:TennisTournament,dbo:TennisTournament
theatre_of,noun,Theatre,Theatres,of,NounPPFrame,range,domain,1,rdf:type,dbo:Theatre,dbo:Theatre
topleveldomain_of,noun,Top Level Domain,Top Level Domains,of,NounPPFrame,range,domain,1,rdf:type,dbo:TopLevelDomain,dbo:TopLevelDomain
tower_of,noun,tower,towers,of,NounPPFrame,range,domain,1,rdf:type,dbo:Tower,dbo:Tower
city_of,noun,city,cities,of,NounPPFrame,range,domain,1,rdf:type,dbo:Town,dbo:Town
tradeunion_of,noun,Trade Union,Trade Unions,of,NounPPFrame,range,domain,1,rdf:type,dbo:TradeUnion,dbo:TradeUnion
train_of,noun,Train,Trains,of,NounPPFrame,range,domain,1,rdf:type,dbo:Train,dbo:Train
tunnel_of,noun,Tunnel,Tunnels,of,NounPPFrame,range,domain,1,rdf:type,dbo:Tunnel,dbo:Tunnel
university_of,noun,University,Universitys,of,NounPPFrame,range,domain,1,rdf:type,dbo:University,dbo:University
vein_of,noun,Vein,Veins,of,NounPPFrame,range,domain,1,rdf:type,dbo:Vein,dbo:Vein
venue_of,noun,Venue,Venues,of,NounPPFrame,range,domain,1,rdf:type,dbo:Venue,dbo:Venue
video game_of,noun,video game,video games,of,NounPPFrame,range,domain,1,rdf:type,dbo:VideoGame,dbo:VideoGame
village_of,noun,Village,Villages,of,NounPPFrame,range,domain,1,rdf:type,dbo:Village,dbo:Village
voiceactor_of,noun,VoiceActor,VoiceActors,of,NounPPFrame,range,domain,1,rdf:type,dbo:VoiceActor,dbo:VoiceActor
volcano_of,noun,Volcano,Volcanos,of,NounPPFrame,range,domain,1,rdf:type,dbo:Volcano,dbo:Volcano
volleyballcoach_of,noun,Volleyball Coach,Volleyball Coachs,of,NounPPFrame,range,domain,1,rdf:type,dbo:VolleyballCoach,dbo:VolleyballCoach
volleyballleague_of,noun,Volleyball League,Volleyball Leagues,of,NounPPFrame,range,domain,1,rdf:type,dbo:VolleyballLeague,dbo:VolleyballLeague
player_of,noun,player,players,of,NounPPFrame,range,domain,1,rdf:type,dbo:VolleyballPlayer,dbo:VolleyballPlayer
weapon_of,noun,Weapon,Weapons,of,NounPPFrame,range,domain,1,rdf:type,dbo:Weapon,dbo:Weapon
website_of,noun,Website,Websites,of,NounPPFrame,range,domain,1,rdf:type,dbo:Website,dbo:Website
wine region_of,noun,wine region,wine regions,of,NounPPFrame,range,domain,1,rdf:type,dbo:WineRegion,dbo:WineRegion
winery_of,noun,Winery,Winerys,of,NounPPFrame,range,domain,1,rdf:type,dbo:Winery,dbo:Winery
womenstennisassociationtournament_of,noun,Womens Tennis Association Tournament,Womens Tennis Association Tournaments,of,NounPPFrame,range,domain,1,rdf:type,dbo:WomensTennisAssociationTournament,dbo:WomensTennisAssociationTournament
work_of,noun,work,works,of,NounPPFrame,range,domain,1,rdf:type,dbo:Work,dbo:Work
worldheritagesite_of,noun,World Heritage Site,World Heritage Sites,of,NounPPFrame,range,domain,1,rdf:type,dbo:WorldHeritageSite,dbo:WorldHeritageSite
wrestler_of,noun,Wrestler,Wrestlers,of,NounPPFrame,range,domain,1,rdf:type,dbo:Wrestler,dbo:Wrestler
wrestlingevent_of,noun,Wrestling Event,Wrestling Events,of,NounPPFrame,range,domain,1,rdf:type,dbo:WrestlingEvent,dbo:WrestlingEvent
writer_of,noun,writer,writers,of,NounPPFrame,range,domain,1,rdf:type,dbo:Writer,dbo:Writer
written work_of,noun,written work,written work,of,NounPPFrame,range,domain,1,rdf:type,dbo:WrittenWork,dbo:WrittenWork
year_of,noun,Year,Years,of,NounPPFrame,range,domain,1,rdf:type,dbo:Year,dbo:Year
world_of,noun,world,world,of,NounPPFrame,range,domain,1,rdf:type,owl:Thing,owl:Thing
surfer_of,noun,surfer,surfers,of,NounPPFrame,range,domain,1,rdf:type,res:Surfing,res:Surfing